,data,stato,ricoverati_con_sintomi,terapia_intensiva,totale_ospedalizzati,isolamento_domiciliare,totale_positivi,variazione_totale_positivi,nuovi_positivi,dimessi_guariti,deceduti,casi_da_sospetto_diagnostico,casi_da_screening,totale_casi,tamponi,casi_testati,note,ingressi_terapia_intensiva,note_test,note_casi,totale_positivi_test_molecolare,totale_positivi_test_antigenico_rapido,tamponi_test_molecolare,tamponi_test_antigenico_rapido
21,2020-03-16T17:00:00,ITA,11025,1851,12876,10197,23073,2470,3233,2749,2158,,,27980,137962,,nd-IT-0004;nd-IT-0006,,,,,,,
22,2020-03-17T17:00:00,ITA,12894,2060,14954,11108,26062,2989,3526,2941,2503,,,31506,148657,,nd-IT-0009,,,,,,,
23,2020-03-18T17:00:00,ITA,14363,2257,16620,12090,28710,2648,4207,4025,2978,,,35713,165541,,nd-IT-0012;nd-IT-0014,,,,,,,
24,2020-03-19T17:00:00,ITA,15757,2498,18255,14935,33190,4480,5322,4440,3405,,,41035,182777,,,,,,,,,
25,2020-03-20T17:00:00,ITA,16020,2655,18675,19185,37860,4670,5986,5129,4032,,,47021,206886,,,,,,,,,
26,2020-03-21T17:00:00,ITA,17708,2857,20565,22116,42681,4821,6557,6072,4825,,,53578,233222,,,,,,,,,
27,2020-03-22T17:00:00,ITA,19846,3009,22855,23783,46638,3957,5560,7024,5476,,,59138,258402,,,,,,,,,
28,2020-03-23T17:00:00,ITA,20692,3204,23896,26522,50418,3780,4789,7432,6077,,,63927,275468,,,,,,,,,
29,2020-03-24T17:00:00,ITA,21937,3396,25333,28697,54030,3612,5249,8326,6820,,,69176,296964,,,,,,,,,
30,2020-03-25T17:00:00,ITA,23112,3489,26601,30920,57521,3491,5210,9362,7503,,,74386,324445,,,,,,,,,
31,2020-03-26T17:00:00,ITA,24753,3612,28365,33648,62013,4492,6153,10361,8165,,,80539,361060,,pd-IT-0007,,,,,,,
32,2020-03-27T17:00:00,ITA,26029,3732,29761,36653,66414,4401,5959,10950,9134,,,86498,394079,,,,,,,,,
33,2020-03-28T17:00:00,ITA,26676,3856,30532,39533,70065,3651,5974,12384,10023,,,92472,429526,,,,,,,,,
34,2020-03-29T17:00:00,ITA,27386,3906,31292,42588,73880,3815,5217,13030,10779,,,97689,454030,,pd-IT-0009,,,,,,,
35,2020-03-30T17:00:00,ITA,27795,3981,31776,43752,75528,1648,4050,14620,11591,,,101739,477359,,,,,,,,,
36,2020-03-31T17:00:00,ITA,28192,4023,32215,45420,77635,2107,4053,15729,12428,,,105792,506968,,,,,,,,,
37,2020-04-01T17:00:00,ITA,28403,4035,32438,48134,80572,2937,4782,16847,13155,,,110574,541423,,,,,,,,,
38,2020-04-02T17:00:00,ITA,28540,4053,32593,50456,83049,2477,4668,18278,13915,,,115242,581232,,,,,,,,,
39,2020-04-03T17:00:00,ITA,28741,4068,32809,52579,85388,2339,4585,19758,14681,,,119827,619849,,,,,,,,,
40,2020-04-04T17:00:00,ITA,29010,3994,33004,55270,88274,2886,4805,20996,15362,,,124632,657224,,,,,,,,,
41,2020-04-05T17:00:00,ITA,28949,3977,32926,58320,91246,2972,4316,21815,15887,,,128948,691461,,,,,,,,,
42,2020-04-06T17:00:00,ITA,28976,3898,32874,60313,93187,1941,3599,22837,16523,,,132547,721732,,,,,,,,,
43,2020-04-07T17:00:00,ITA,28718,3792,32510,61557,94067,880,3039,24392,17127,,,135586,755445,,,,,,,,,
44,2020-04-08T17:00:00,ITA,28485,3693,32178,63084,95262,1195,3836,26491,17669,,,139422,807125,,,,,,,,,
45,2020-04-09T17:00:00,ITA,28399,3605,32004,64873,96877,1615,4204,28470,18279,,,143626,853369,,,,,,,,,
46,2020-04-10T17:00:00,ITA,28242,3497,31739,66534,98273,1396,3951,30455,18849,,,147577,906864,,pd-IT-0011,,,,,,,
47,2020-04-11T17:00:00,ITA,28144,3381,31525,68744,100269,1996,4694,32534,19468,,,152271,963473,,,,,,,,,
48,2020-04-12T17:00:00,ITA,27847,3343,31190,71063,102253,1984,4092,34211,19899,,,156363,1010193,,dc-IT-0003,,,,,,,
49,2020-04-13T17:00:00,ITA,28023,3260,31283,72333,103616,1363,3153,35435,20465,,,159516,1046910,,,,,,,,,
50,2020-04-14T17:00:00,ITA,28011,3186,31197,73094,104291,675,2972,37130,21067,,,162488,1073689,,,,,,,,,
51,2020-04-15T17:00:00,ITA,27643,3079,30722,74696,105418,1127,2667,38092,21645,,,165155,1117404,,dc-IT-0005,,,,,,,
52,2020-04-16T17:00:00,ITA,26893,2936,29829,76778,106607,1189,3786,40164,22170,,,168941,1178403,,,,,,,,,
53,2020-04-17T17:00:00,ITA,25786,2812,28598,78364,106962,355,3493,42727,22745,,,172434,1244108,,,,,,,,,
54,2020-04-18T17:00:00,ITA,25007,2733,27740,80031,107771,809,3491,44927,23227,,,175925,1305833,,,,,,,,,
55,2020-04-19T17:00:00,ITA,25033,2635,27668,80589,108257,486,3047,47055,23660,,,178972,1356541,935310.0,,,,,,,,
56,2020-04-20T17:00:00,ITA,24906,2573,27479,80758,108237,-20,2256,48877,24114,,,181228,1398024,943151.0,dc-IT-0007,,,,,,,
57,2020-04-21T17:00:00,ITA,24134,2471,26605,81104,107709,-528,2729,51600,24648,,,183957,1450150,971246.0,pd-IT-0013,,,,,,,
58,2020-04-22T17:00:00,ITA,23805,2384,26189,81510,107699,-10,3370,54543,25085,,,187327,1513251,1015494.0,,,,,,,,
59,2020-04-23T17:00:00,ITA,22871,2267,25138,81710,106848,-851,2646,57576,25549,,,189973,1579909,1052577.0,pd-IT-0015;pd-IT-0017,,,,,,,
60,2020-04-24T17:00:00,ITA,22068,2173,24241,82286,106527,-321,3021,60498,25969,,,192994,1642356,1147850.0,dc-IT-0009;dc-IT-0011,,,,,,,
61,2020-04-25T17:00:00,ITA,21533,2102,23635,82212,105847,-680,2357,63120,26384,,,195351,1707743,1186526.0,,,,,,,,
62,2020-04-26T17:00:00,ITA,21372,2009,23381,82722,106103,256,2324,64928,26644,,,197675,1757659,1210639.0,dc-IT-0013,,,,,,,
63,2020-04-27T17:00:00,ITA,20353,1956,22309,83504,105813,-290,1739,66624,26977,,,199414,1789662,1237317.0,,,,,,,,
64,2020-04-28T17:00:00,ITA,19723,1863,21586,83619,105205,-608,2091,68941,27359,,,201505,1846934,1274871.0,,,,,,,,
65,2020-04-29T17:00:00,ITA,19210,1795,21005,83652,104657,-548,2086,71252,27682,,,203591,1910761,1313460.0,,,,,,,,
66,2020-04-30T17:00:00,ITA,18149,1694,19843,81708,101551,-3106,1872,75945,27967,,,205463,1979217,1354901.0,,,,,,,,
67,2020-05-01T17:00:00,ITA,17569,1578,19147,81796,100943,-608,1965,78249,28236,,,207428,2053425,1398633.0,dc-IT-0015,,,,,,,
68,2020-05-02T17:00:00,ITA,17357,1539,18896,81808,100704,-239,1900,79914,28710,,,209328,2108837,1429864.0,dc-IT-0017,,,,,,,
69,2020-05-03T17:00:00,ITA,17242,1501,18743,81436,100179,-525,1389,81654,28884,,,210717,2153772,1456911.0,,,,,,,,
70,2020-05-04T17:00:00,ITA,16823,1479,18302,81678,99980,-199,1221,82879,29079,,,211938,2191403,1479910.0,dc-IT-0019,,,,,,,
71,2020-05-05T17:00:00,ITA,16270,1427,17697,80770,98467,-1513,1075,85231,29315,,,213013,2246666,1512121.0,,,,,,,,
72,2020-05-06T17:00:00,ITA,15769,1333,17102,74426,91528,-6939,1444,93245,29684,,,214457,2310929,1549892.0,dc-IT-0021,,,,,,,
73,2020-05-07T17:00:00,ITA,15174,1311,16485,73139,89624,-1904,1401,96276,29958,,,215858,2381288,1563557.0,dc-IT-0023,,,,,,,
74,2020-05-08T17:00:00,ITA,14636,1168,15804,72157,87961,-1663,1327,99023,30201,,,217185,2445063,1608985.0,dc-IT-0025,,,,,,,
75,2020-05-09T17:00:00,ITA,13834,1034,14868,69974,84842,-3119,1083,103031,30395,,,218268,2514234,1645076.0,,,,,,,,
76,2020-05-10T17:00:00,ITA,13618,1027,14645,68679,83324,-1518,802,105186,30560,,,219070,2565912,1676460.0,,,,,,,,
77,2020-05-11T17:00:00,ITA,13539,999,14538,67950,82488,-836,744,106587,30739,,,219814,2606652,1702283.0,,,,,,,,
78,2020-05-12T17:00:00,ITA,12865,952,13817,67449,81266,-1222,1402,109039,30911,,,221216,2673655,1741903.0,dc-IT-0027,,,,,,,
79,2020-05-13T17:00:00,ITA,12172,893,13065,65392,78457,-2809,888,112541,31106,,,222104,2735628,1778952.0,,,,,,,,
80,2020-05-14T17:00:00,ITA,11453,855,12308,64132,76440,-2017,992,115288,31368,,,223096,2807504,1820083.0,dc-IT-0029,,,,,,,
81,2020-05-15T17:00:00,ITA,10792,808,11600,60470,72070,-4370,789,120205,31610,,,223885,2875680,1859110.0,dc-IT-0031,,,,,,,
82,2020-05-16T17:00:00,ITA,10400,775,11175,59012,70187,-1883,875,122810,31763,,,224760,2944859,1899767.0,,,,,,,,
83,2020-05-17T17:00:00,ITA,10311,762,11073,57278,68351,-1836,675,125176,31908,,,225435,3004960,1933272.0,,,,,,,,
84,2020-05-18T17:00:00,ITA,10207,749,10956,55597,66553,-1798,451,127326,32007,,,225886,3041366,1959373.0,pd-IT-0019,,,,,,,
242,2020-10-23T17:00:00,ITA,10549,1049,11598,174404,186002,16700,19143,261808,37059,344414.0,140455.0,484869,14314453,8679107.0,,,,,,,,
243,2020-10-24T17:00:00,ITA,11287,1128,12415,190767,203182,17180,19644,264117,37210,355768.0,148741.0,504509,14492122,8788780.0,,,,,,,,
244,2020-10-25T17:00:00,ITA,12006,1208,13214,209027,222241,19059,21273,266203,37338,369359.0,156423.0,525782,14654002,8890656.0,,,,,,,,
245,2020-10-26T17:00:00,ITA,12997,1284,14281,222403,236684,14443,17012,268626,37479,378783.0,164006.0,542789,14778688,8969472.0,,,,,,,,
246,2020-10-27T17:00:00,ITA,13955,1411,15366,239724,255090,18406,21994,271988,37700,391879.0,172899.0,564778,14953086,9075818.0,,,,,,,,
247,2020-10-28T17:00:00,ITA,14981,1536,16517,259940,276457,21367,24991,275404,37905,406130.0,183636.0,589766,15152038,9197638.0,,,,,,,,
248,2020-10-29T17:00:00,ITA,15964,1651,17615,281576,299191,22734,26831,279282,38122,421834.0,194761.0,616595,15353490,9316495.0,,,,,,,,
249,2020-10-30T17:00:00,ITA,16994,1746,18740,307046,325786,26595,31084,283567,38321,439297.0,208377.0,647674,15568575,9446183.0,,,,,,,,
250,2020-10-31T17:00:00,ITA,17966,1843,19809,331577,351386,25600,31758,289426,38618,460502.0,218928.0,679430,15784461,9578462.0,,,,,,,,
251,2020-11-01T17:00:00,ITA,18902,1939,20841,357288,378129,26743,29907,292380,38826,474270.0,235065.0,709335,15967918,9695940.0,,,,,,,,
252,2020-11-02T17:00:00,ITA,19840,2022,21862,374650,396512,18383,22253,296017,39059,487976.0,243612.0,731588,16103649,9783603.0,,,,,,,,
253,2020-11-03T17:00:00,ITA,21114,2225,23339,394803,418142,21630,28244,302275,39412,503468.0,256361.0,759829,16285936,9893535.0,,,,,,,,
254,2020-11-04T17:00:00,ITA,22116,2292,24408,418827,443235,25093,30550,307378,39747,520799.0,269578.0,790377,16497767,10021035.0,,,,,,,,
255,2020-11-05T17:00:00,ITA,23256,2391,25647,446701,472348,29113,34505,312339,40192,541173.0,283706.0,824879,16717651,10155585.0,,,,,,,,
256,2020-11-06T17:00:00,ITA,24005,2515,26520,472598,499118,26770,37809,322925,40638,562010.0,300671.0,862681,16951896,10290151.0,,,,,,,,
257,2020-11-07T17:00:00,ITA,25109,2634,27743,504793,532536,33418,39811,328891,41063,583660.0,318830.0,902490,17183569,10427797.0,,,,,,,,
258,2020-11-08T17:00:00,ITA,26440,2749,29189,529447,558636,26100,32616,335074,41394,601403.0,333701.0,935104,17374713,10547046.0,,,,,,,,
259,2020-11-09T17:00:00,ITA,27636,2849,30485,542849,573334,14698,25271,345289,41750,614843.0,345530.0,960373,17522438,10635747.0,,,,,,,,
260,2020-11-10T17:00:00,ITA,28633,2971,31604,558506,590110,16776,35098,363023,42330,636202.0,359261.0,995463,17740196,10765561.0,,,,,,,,
261,2020-11-11T17:00:00,ITA,29444,3081,32525,580833,613358,23248,32961,372113,42953,657205.0,371219.0,1028424,17965836,10891971.0,,,,,,,,
262,2020-11-12T17:00:00,ITA,29873,3170,33043,602011,635054,21696,37978,387758,43589,674591.0,391810.0,1066401,18200508,11025449.0,,,,,,,,
263,2020-11-13T17:00:00,ITA,30914,3230,34144,629782,663926,28872,40902,399238,44139,697312.0,409991.0,1107303,18455416,11170324.0,,,,,,,,
264,2020-11-14T17:00:00,ITA,31398,3306,34704,653731,688435,24509,37255,411434,44683,718482.0,426070.0,1144552,18683111,11305441.0,,,,,,,,
265,2020-11-15T17:00:00,ITA,32047,3422,35469,677021,712490,24055,33979,420810,45229,736846.0,441683.0,1178529,18878386,11416172.0,,,,,,,,
266,2020-11-16T17:00:00,ITA,32536,3492,36028,681756,717784,5294,27354,442364,45733,751766.0,454115.0,1205881,19031049,11505254.0,,,,,,,,
267,2020-11-17T17:00:00,ITA,33074,3612,36686,697124,733810,16026,32191,457798,46464,770282.0,467790.0,1238072,19239507,11620187.0,,,,,,,,
268,2020-11-18T17:00:00,ITA,33504,3670,37174,705994,743168,9358,34282,481967,47217,784687.0,487665.0,1272352,19474341,11744424.0,,,,,,,,
269,2020-11-19T17:00:00,ITA,33610,3712,37322,724349,761671,18503,36176,498987,47870,802852.0,505676.0,1308528,19724527,11882821.0,,,,,,,,
270,2020-11-20T17:00:00,ITA,33957,3748,37705,739471,777176,15505,37242,520022,48569,825417.0,520350.0,1345767,19962604,11999674.0,,,,,,,,
271,2020-11-21T17:00:00,ITA,34063,3758,37821,753925,791746,14570,34767,539524,49261,844177.0,536354.0,1380531,20199829,12120989.0,,,,,,,,
272,2020-11-22T17:00:00,ITA,34279,3801,38080,767867,805947,14201,28337,553098,49823,858957.0,549911.0,1408868,20388576,12225850.0,,,,,,,,
273,2020-11-23T17:00:00,ITA,34697,3810,38507,758342,796849,-9098,22930,584493,50453,870461.0,561334.0,1431795,20537521,12303705.0,,,,,,,,
274,2020-11-24T17:00:00,ITA,34577,3816,38393,759993,798386,1537,23232,605330,51306,882238.0,572784.0,1455022,20726180,12398952.0,,,,,,,,
275,2020-11-25T17:00:00,ITA,34313,3848,38161,753536,791697,-6689,25853,637149,52028,896155.0,584719.0,1480874,20956187,12513129.0,,,,,,,,
276,2020-11-26T17:00:00,ITA,34038,3846,37884,757961,795845,4148,29003,661180,52850,914390.0,595485.0,1509875,21188898,12623390.0,,,,,,,,
277,2020-11-27T17:00:00,ITA,33684,3782,37466,750427,787893,-7952,28352,696647,53677,928191.0,610026.0,1538217,21411701,12729411.0,,,,,,,,
278,2020-11-28T17:00:00,ITA,33299,3762,37061,752247,789308,1415,26323,720861,54363,942048.0,622484.0,1564532,21637641,12842250.0,,,,,,,,
279,2020-11-29T17:00:00,ITA,32879,3753,36632,759139,795771,6463,20648,734503,54904,958832.0,626346.0,1585178,21814575,12922382.0,,,,,,,,
280,2020-11-30T17:00:00,ITA,33187,3744,36931,751540,788471,-7300,16377,757507,55576,966577.0,634977.0,1601554,21945099,12986634.0,,,,,,,,
281,2020-12-01T17:00:00,ITA,32811,3663,36474,743471,779945,-8526,19350,784595,56361,971784.0,649117.0,1620901,22127199,13071746.0,,,,,,,,
282,2020-12-02T17:00:00,ITA,32454,3616,36070,725160,761230,-18715,20709,823335,57045,988470.0,653140.0,1641610,22334342,13167345.0,,,,,,,,
283,2020-12-03T17:00:00,ITA,31772,3597,35369,724613,759982,-1248,23225,846809,58038,0.0,0.0,1664829,22554389,13264937.0,,217.0,,,,,,
284,2020-12-04T17:00:00,ITA,31200,3567,34767,722935,757702,-2280,24099,872385,58852,,,1688939,22767130,13348428.0,,201.0,,,,,,
285,2020-12-05T17:00:00,ITA,30158,3517,33675,720494,754169,-3533,21052,896308,59514,,,1709991,22962114,14243149.0,,192.0,,,,,,
286,2020-12-06T17:00:00,ITA,30391,3454,33845,721461,755306,1137,18887,913494,60078,,,1728878,23125664,13510154.0,,150.0,,,,,,
287,2020-12-07T17:00:00,ITA,30524,3382,33906,714913,748819,-6487,13720,933132,60606,,,1742557,23236881,13563263.0,,144.0,,,,,,
288,2020-12-08T17:00:00,ITA,30081,3345,33426,704099,737525,-11294,14842,958629,61240,,,1757394,23386113,13622814.0,,192.0,,,,,,
289,2020-12-09T17:00:00,ITA,29653,3320,32973,677542,710515,-27010,12756,997895,61739,,,1770149,23504588,13673746.0,,152.0,,,,,,
290,2020-12-10T17:00:00,ITA,29088,3291,32379,664148,696527,-13988,16999,1027994,62626,,,1787147,23676174,13744859.0,,251.0,,,,,,
291,2020-12-11T17:00:00,ITA,28562,3265,31827,658496,690323,-6204,18727,1052163,63387,,,1805873,23866590,13823013.0,,208.0,,,,,,
292,2020-12-12T17:00:00,ITA,28066,3199,31265,653583,684848,-5475,19903,1076891,64036,,,1825775,24063029,13901576.0,,195.0,,,,,,
293,2020-12-13T17:00:00,ITA,27735,3158,30893,655138,686031,1183,17938,1093161,64520,,,1843712,24215726,13971600.0,,152.0,,,,,,
294,2020-12-14T17:00:00,ITA,27765,3095,30860,644249,675109,-10922,12030,1115617,65011,,,1855737,24319310,14022752.0,,138.0,,,,,,
295,2020-12-15T17:00:00,ITA,27342,3003,30345,632968,663313,-11796,14844,1141406,65857,,,1870576,24483741,14086989.0,,199.0,,,,,,
296,2020-12-16T17:00:00,ITA,26897,2926,29823,615883,645706,-17607,17572,1175901,66537,,,1888144,24683230,14165961.0,,191.0,,,,,,
297,2020-12-17T17:00:00,ITA,26427,2855,29282,606061,635343,-10363,18236,1203814,67220,,,1906377,24635720,14246739.0,,183.0,,,,,,
298,2020-12-18T17:00:00,ITA,25769,2819,28588,599210,627798,-7545,17992,1226086,67894,,,1921778,24815520,14150088.0,,189.0,,,,,,
299,2020-12-19T17:00:00,ITA,25364,2784,28148,592018,620166,-7632,16308,1249470,68447,,,1938083,24991705,14225200.0,,160.0,,,,,,
300,2020-12-20T17:00:00,ITA,25158,2743,27901,594859,622760,2594,15104,1261626,68799,,,1953185,25129125,14289494.0,,121.0,,,,,,
301,2020-12-21T17:00:00,ITA,25145,2731,27876,585706,613582,-9178,10872,1281258,69214,,,1964054,25217014,14331832.0,,161.0,,,,,,
302,2020-12-22T17:00:00,ITA,24948,2687,27635,578320,605955,-7627,13318,1301573,69842,,,1977370,25374719,14386848.0,,201.0,,,,,,
303,2020-12-23T17:00:00,ITA,24546,2624,27170,571646,598816,-7139,14522,1322067,70395,,,1991278,25558583,14453521.0,,216.0,,,,,,
304,2020-12-24T17:00:00,ITA,24070,2589,26659,566973,593632,-5184,18040,1344785,70900,,,2009317,25752360,14530706.0,,149.0,,,,,,
305,2020-12-25T17:00:00,ITA,23402,2584,25986,553900,579886,-13746,19037,1377109,71359,,,2028354,25904694,14597413.0,,165.0,,,,,,
306,2020-12-26T17:00:00,ITA,23312,2580,25892,555051,580943,1057,10431,1386213,71627,,,2038783,25986258,14631296.0,,133.0,,,,,,
307,2020-12-27T17:00:00,ITA,23571,2580,26151,555609,581760,817,8913,1394011,71925,,,2047696,26046137,14656053.0,,148.0,,,,,,
308,2020-12-28T17:00:00,ITA,23932,2565,26497,548724,575221,-6539,8585,1408686,72370,,,2056277,26114818,14685718.0,,167.0,,,,,,
309,2020-12-29T17:00:00,ITA,23662,2549,26211,542517,568728,-6493,11224,1425730,73029,,,2067487,26243558,14731420.0,,256.0,,,,,,
310,2020-12-30T17:00:00,ITA,23566,2528,26094,538301,564395,-4333,16202,1445690,73604,,,2083689,26412603,14795168.0,,175.0,,,,,,
311,2020-12-31T17:00:00,ITA,23151,2555,25706,544190,569896,5501,23477,1463111,74159,,,2107166,26598607,14871966.0,,202.0,,,,,,
312,2021-01-01T17:00:00,ITA,22822,2553,25375,549392,574767,4871,22211,1479988,74621,,,2129376,26756131,14941976.0,,145.0,,,,,,
313,2021-01-02T17:00:00,ITA,22948,2569,25517,551545,577062,2295,11831,1489154,74985,,,2141201,26823305,14972427.0,,134.0,,,,,,
314,2021-01-03T17:00:00,ITA,23075,2583,25658,550556,576214,-848,14245,1503900,75332,,,2155446,26926279,15016737.0,,154.0,,,,,,
315,2021-01-04T17:00:00,ITA,23317,2579,25896,544562,570458,-5756,10800,1520106,75680,,,2166244,27004272,15052154.0,,136.0,,,,,,
316,2021-01-05T17:00:00,ITA,23395,2569,25964,543197,569161,-1297,15378,1536129,76329,,,2181619,27139378,15106666.0,,202.0,,,,,,
317,2021-01-06T17:00:00,ITA,23174,2571,25745,542967,568712,-449,20331,1556356,76877,,,2201945,27317974,15182385.0,,183.0,,,,,,
318,2021-01-07T17:00:00,ITA,23291,2587,25878,545177,571055,2343,18020,1572015,77291,,,2220361,27439249,15235808.0,,156.0,,,,,,
319,2021-01-08T17:00:00,ITA,23313,2587,25900,544489,570389,-666,17533,1589590,77911,,,2237890,27579516,15292666.0,,187.0,,,,,,
320,2021-01-09T17:00:00,ITA,23260,2593,25853,546989,572842,2453,19978,1606630,78394,,,2257866,27751635,15359083.0,,183.0,,,,,,
321,2021-01-10T17:00:00,ITA,23427,2615,26042,553890,579932,7090,18627,1617804,78755,,,2276491,27891393,15422188.0,,181.0,,,,,,
322,2021-01-11T17:00:00,ITA,23603,2642,26245,549734,575979,-3953,12532,1633839,79203,,,2289021,27983049,15464741.0,,168.0,,,,,,
323,2021-01-12T17:00:00,ITA,23712,2636,26348,543692,570040,-5939,14242,1653404,79819,,,2303263,28124690,15518345.0,,196.0,,,,,,
324,2021-01-13T17:00:00,ITA,23525,2579,26104,538670,564774,-5266,15774,1673936,80326,,,2319036,28300119,15587971.0,,165.0,,,,,,
325,2021-01-14T17:00:00,ITA,23110,2557,25667,535713,561380,-3394,17246,1694051,80848,,,2336279,28460704,15656574.0,,164.0,,,,,,
326,2021-01-15T17:00:00,ITA,22841,2522,25363,532705,558068,-3312,16146,1713030,81325,,,2352423,28734210,15737459.0,,156.0,,,2351466.0,957.0,28617351.0,116859.0
327,2021-01-16T17:00:00,ITA,22784,2520,25304,532413,557717,-351,16310,1729216,81800,,,2368733,28995614,15822424.0,,170.0,,,2366912.0,1821.0,28780581.0,215033.0
328,2021-01-17T17:00:00,ITA,22757,2503,25260,528114,553374,-4343,12545,1745726,82177,,,2381277,29206692,15889027.0,,124.0,,,2379043.0,2234.0,28910309.0,296383.0
329,2021-01-18T17:00:00,ITA,22884,2544,25428,521631,547059,-6315,8825,1760489,82554,,,2390102,29365366,15937909.0,,142.0,,,2387620.0,2482.0,28997556.0,367810.0
330,2021-01-19T17:00:00,ITA,22699,2487,25186,510338,535524,-11535,10497,1781917,83157,,,2400598,29619436,16009790.0,,176.0,,,2397121.0,3477.0,29132944.0,486492.0
331,2021-01-20T17:00:00,ITA,22469,2461,24930,498623,523553,-11971,13571,1806932,83681,,,2414166,29899198,16102034.0,,152.0,,,2409616.0,4550.0,29296422.0,602776.0
332,2021-01-21T17:00:00,ITA,22045,2418,24463,492105,516568,-6985,14078,1827451,84202,,,2428221,30166765,16197394.0,,155.0,,,2422728.0,5493.0,29458875.0,707890.0
333,2021-01-22T17:00:00,ITA,21691,2390,24081,477972,502053,-14515,13633,1855127,84674,,,2441854,30431493,16279588.0,,144.0,,,2435519.0,6335.0,29608567.0,822926.0
334,2021-01-23T17:00:00,ITA,21403,2386,23789,475045,498834,-3219,13331,1871189,85162,,,2455185,30717824,16367107.0,,174.0,,,2447861.0,7324.0,29759716.0,958108.0
335,2021-01-24T17:00:00,ITA,21309,2400,23709,475569,499278,444,11629,1882074,85461,,,2466813,30934035,16443404.0,,120.0,,,2458857.0,7956.0,29893362.0,1040673.0
336,2021-01-25T17:00:00,ITA,21424,2421,23845,467785,491630,-7648,8562,1897861,85881,,,2475372,31060966,16494329.0,,150.0,,,2467120.0,8252.0,29962599.0,1098367.0
337,2021-01-26T17:00:00,ITA,21355,2372,23727,458690,482417,-9213,10593,1917117,86422,,,2485956,31317253,16567955.0,,162.0,,,2476249.0,9707.0,30087654.0,1229599.0
338,2021-01-27T17:00:00,ITA,21161,2352,23513,454456,477969,-4448,15204,1936289,86889,,,2501147,31611023,16656230.0,,115.0,,,2488513.0,12634.0,30255759.0,1355264.0
339,2021-01-28T17:00:00,ITA,20778,2288,23066,451551,474617,-3352,14372,1953509,87381,,,2515507,31886602,16752985.0,,102.0,,,2501989.0,13518.0,30420375.0,1466227.0
340,2021-01-29T17:00:00,ITA,20397,2270,22667,445157,467824,-6793,13574,1973388,87858,,,2529070,32155352,16834157.0,,148.0,,,2514261.0,14809.0,30565671.0,1589681.0
341,2021-01-30T17:00:00,ITA,20098,2218,22316,441036,463352,-4472,12715,1990152,88279,,,2541783,32453362,16923532.0,,132.0,,,2526058.0,15725.0,30718540.0,1734822.0
342,2021-01-31T17:00:00,ITA,20096,2215,22311,431657,453968,-9384,11252,2010548,88516,,,2553032,32666726,17005122.0,,97.0,,,2536779.0,16253.0,30840359.0,1826367.0
343,2021-02-01T17:00:00,ITA,20260,2252,22512,425077,447589,-6379,7925,2024523,88845,,,2560957,32809145,17053960.0,,145.0,,,2544428.0,16529.0,30916110.0,1893035.0
344,2021-02-02T17:00:00,ITA,20317,2214,22531,415234,437765,-9824,9660,2043500,89343,,,2570608,33053574,17129160.0,,158.0,,,2552713.0,17895.0,31041506.0,2012068.0
345,2021-02-03T17:00:00,ITA,20071,2145,22216,412506,434722,-3043,13189,2059248,89819,,,2583790,33332881,17222062.0,,133.0,,,2564627.0,19163.0,31199437.0,2133444.0
346,2021-02-04T17:00:00,ITA,19743,2151,21894,408383,430277,-4445,13659,2076928,90241,,,2597446,33603023,17315499.0,,147.0,,,2577005.0,20441.0,31350804.0,2252219.0
347,2021-02-05T17:00:00,ITA,19575,2142,21717,407401,429118,-1159,14218,2091923,90618,,,2611659,33873530,17411746.0,,132.0,,,2590106.0,21553.0,31499364.0,2374166.0
348,2021-02-06T17:00:00,ITA,19408,2110,21518,405516,427034,-2084,13442,2107061,91003,,,2625098,34155937,17626494.0,,144.0,,,2602048.0,23050.0,31648706.0,2507231.0
349,2021-02-07T17:00:00,ITA,19266,2107,21373,405651,427024,-10,11641,2118441,91273,,,2636738,34362726,17702105.0,,105.0,,,2613000.0,23738.0,31771821.0,2590905.0
350,2021-02-08T17:00:00,ITA,19527,2143,21670,397934,419604,-7420,7970,2133523,91580,,,2644707,34506996,17757000.0,,139.0,,,2620747.0,23960.0,31847929.0,2659067.0
351,2021-02-09T17:00:00,ITA,19512,2143,21655,392312,413967,-5637,10630,2149350,92002,,,2655319,34781259,17839716.0,,146.0,,,2629894.0,25425.0,31974515.0,2806744.0
352,2021-02-10T17:00:00,ITA,19280,2128,21408,388703,410111,-3856,12956,2165817,92338,,,2668266,35092253,17938333.0,,155.0,,,2641238.0,27028.0,32136820.0,2955433.0
353,2021-02-11T17:00:00,ITA,18942,2126,21068,383951,405019,-5092,15146,2185655,92729,,,2683403,35384786,18040938.0,,151.0,,,2655028.0,28375.0,32306585.0,3078201.0
354,2021-02-12T17:00:00,ITA,18736,2095,20831,381343,402174,-2845,13908,2202077,93045,,,2697296,35672405,18134000.0,,153.0,,,2667756.0,29540.0,32459557.0,3212848.0
355,2021-02-13T17:00:00,ITA,18500,2062,20562,380851,401413,-761,13532,2216050,93356,,,2710819,35962939,18228016.0,,118.0,,,2680068.0,30751.0,32612253.0,3350686.0
356,2021-02-14T17:00:00,ITA,18449,2085,20534,382249,402783,1370,11068,2225519,93577,,,2721879,36168581,18309474.0,,126.0,,,2690422.0,31457.0,32739071.0,3429510.0
357,2021-02-15T17:00:00,ITA,18515,2089,20604,377494,398098,-4685,7351,2237290,93835,,,2729223,36347859,18368000.0,,122.0,,,2697500.0,31723.0,32816455.0,3531404.0
358,2021-02-16T17:00:00,ITA,18463,2074,20537,373149,393686,-4412,10386,2251734,94171,,,2739591,36621878,18452428.0,,154.0,,,2706339.0,33252.0,32956609.0,3665269.0
359,2021-02-17T17:00:00,ITA,18274,2043,20317,368547,388864,-4822,12074,2268253,94540,,,2751657,36916289,18547836.0,,113.0,,,2717204.0,34453.0,33117839.0,3798450.0
360,2021-02-18T17:00:00,ITA,17963,2045,20008,364493,384501,-4363,13762,2286029,94882,,,2765412,37204747,18645837.0,,177.0,,,2729570.0,35842.0,33274904.0,3929843.0
361,2021-02-19T17:00:00,ITA,17831,2059,19890,362558,382448,-2053,15479,2303199,95235,,,2780882,37501875,18740720.0,,151.0,,,2743867.0,37015.0,33445698.0,4056177.0
362,2021-02-20T17:00:00,ITA,17725,2063,19788,364835,384623,2175,14931,2315687,95486,,,2795796,37807953,18842870.0,,137.0,,,2757548.0,38248.0,33600200.0,4207753.0
363,2021-02-21T17:00:00,ITA,17804,2094,19898,368997,388895,4272,13452,2324633,95718,,,2809246,38058939,18939451.0,,125.0,,,2770084.0,39162.0,33746297.0,4312642.0
364,2021-02-22T17:00:00,ITA,18155,2118,20273,367630,387903,-992,9630,2334968,95992,,,2818863,38229611,18996566.0,,162.0,,,2778918.0,39945.0,33830482.0,4399129.0
365,2021-02-23T17:00:00,ITA,18295,2146,20441,367507,387948,45,13314,2347866,96348,,,2832162,38533461,19085722.0,,197.0,,,2790474.0,41688.0,33973710.0,4559751.0
366,2021-02-24T17:00:00,ITA,18217,2157,20374,369059,389433,1485,16424,2362465,96666,,,2848564,38873708,19191527.0,,178.0,,,2804529.0,44035.0,34155158.0,4718550.0
367,2021-02-25T17:00:00,ITA,18257,2168,20425,375718,396143,6710,19886,2375318,96974,,,2868435,39227412,19295727.0,,178.0,,,2822664.0,45771.0,34342595.0,4884817.0
368,2021-02-26T17:00:00,ITA,18292,2194,20486,384178,404664,8521,20499,2387032,97227,,,2888923,39552816,19403679.0,,188.0,,,2841119.0,47804.0,34518101.0,5034715.0
369,2021-02-27T17:00:00,ITA,18372,2216,20588,391378,411966,7302,18916,2398352,97507,,,2907825,39875863,19513881.0,,163.0,,,2858181.0,49644.0,34681158.0,5194705.0
370,2021-02-28T17:00:00,ITA,18638,2231,20869,401498,422367,10401,17455,2405199,97699,,,2925265,40132887,19618332.0,,131.0,,,2874494.0,50771.0,34833703.0,5299184.0
371,2021-03-01T17:00:00,ITA,19112,2289,21401,402932,424333,1966,13114,2416093,97945,,,2938371,40303520,19685310.0,,171.0,,,2887097.0,51274.0,34932830.0,5370690.0
372,2021-03-02T17:00:00,ITA,19570,2327,21897,409099,430996,6663,17083,2426150,98288,,,2955434,40639503,19790559.0,,222.0,,,2901272.0,54162.0,35087433.0,5552070.0
373,2021-03-03T17:00:00,ITA,19763,2411,22174,415247,437421,6425,20884,2440218,98635,,,2976274,40998387,19906431.0,,222.0,,,2919425.0,56849.0,35279774.0,5718613.0
374,2021-03-04T17:00:00,ITA,20157,2475,22632,423807,446439,9018,22865,2453706,98974,,,2999119,41338022,20018633.0,,232.0,,,2940399.0,58720.0,35462826.0,5875196.0
375,2021-03-05T17:00:00,ITA,20374,2525,22899,433571,456470,10031,24036,2467388,99271,,,3023129,41716485,20146921.0,,222.0,,,2962077.0,61052.0,35661456.0,6055029.0
376,2021-03-06T17:00:00,ITA,20701,2571,23272,442540,465812,9342,23641,2481372,99578,,,3046762,42071509,20267157.0,,214.0,,,2983454.0,63308.0,35849068.0,6222441.0
377,2021-03-07T17:00:00,ITA,21144,2605,23749,449113,472862,7050,20765,2494839,99785,,,3067486,42342845,20375964.0,,161.0,,,3002580.0,64906.0,36013136.0,6329709.0
378,2021-03-08T17:00:00,ITA,21831,2700,24531,448002,472533,-329,13902,2508732,100103,,,3081368,42527529,20435513.0,,231.0,,,3015474.0,65894.0,36115564.0,6411965.0
379,2021-03-09T17:00:00,ITA,22393,2756,25149,453734,478883,6350,19749,2521731,100479,,,3101093,42873501,20543816.0,,278.0,,,3032381.0,68712.0,36292531.0,6580970.0
380,2021-03-10T17:00:00,ITA,22882,2827,25709,461365,487074,8191,22409,2535483,100811,,,3123368,43234541,20664762.0,,253.0,,,3052141.0,71227.0,36494453.0,6740088.0
381,2021-03-11T17:00:00,ITA,23247,2859,26106,471244,497350,10276,25673,2550483,101184,,,3149017,43606758,20793180.0,,266.0,,,3074409.0,74608.0,36702922.0,6903836.0
382,2021-03-12T17:00:00,ITA,23656,2914,26570,482747,509317,11967,26824,2564926,101564,,,3175807,43976394,20911246.0,,226.0,,,3098594.0,77213.0,36904071.0,7072323.0
383,2021-03-13T17:00:00,ITA,24153,2982,27135,492926,520061,10744,26062,2579896,101881,,,3201838,44349338,21035159.0,,270.0,,,3122044.0,79794.0,37107202.0,7242136.0
384,2021-03-14T17:00:00,ITA,24518,3082,27600,503666,531266,11205,21315,2589731,102145,,,3223142,44623304,21138014.0,,243.0,,,3141921.0,81221.0,37275176.0,7348128.0
385,2021-03-15T17:00:00,ITA,25338,3157,28495,501862,530357,-909,15267,2605538,102499,,,3238394,44802319,21197794.0,,243.0,,,3156427.0,81967.0,37381879.0,7420440.0
386,2021-03-16T17:00:00,ITA,26098,3256,29354,506761,536115,5758,20396,2619654,103001,,,3258770,45171694,21306662.0,,319.0,,,3173640.0,85130.0,37564451.0,7607243.0
387,2021-03-17T17:00:00,ITA,26517,3317,29834,509174,539008,2893,23059,2639370,103432,,,3281810,45540778,21424371.0,,324.0,,,3193783.0,88027.0,37770144.0,7770634.0
388,2021-03-18T17:00:00,ITA,26694,3333,30027,517483,547510,8502,24935,2655346,103855,,,3306711,45894515,21544881.0,,249.0,,,3216436.0,90275.0,37977385.0,7917130.0
389,2021-03-19T17:00:00,ITA,26858,3364,30222,526317,556539,9029,25735,2671638,104241,,,3332418,46259337,21662182.0,,244.0,,,3241105.0,91313.0,38182937.0,8076400.0
390,2021-03-20T17:00:00,ITA,27061,3387,30448,535005,565453,8914,23832,2686236,104642,,,3356331,46613817,21779015.0,,243.0,,,3261607.0,94724.0,38384580.0,8229237.0
391,2021-03-21T17:00:00,ITA,27484,3448,30932,540740,571672,6219,20159,2699762,104942,,,3376376,46890903,21873168.0,,232.0,,,3280621.0,95755.0,38553755.0,8337148.0
